employeeID,email,firstName,lastName,passcode
1,James.Smith@employee.com,James,Smith,JSmith1
2,John.Johnson@employee.com,John,Johnson,JJohnson2
3,Robert.Williams@employee.com,Robert,Williams,RWilliams3
4,Michael.Brown@employee.com,Michael,Brown,MBrown4
5,William.Jones@employee.com,William,Jones,WJones5
6,David.Garcia@employee.com,David,Garcia,DGarcia6
7,Richard.Miller@employee.com,Richard,Miller,RMiller7
8,Joseph.Davis@employee.com,Joseph,Davis,JDavis8
9,Thomas.Rodriguez@employee.com,Thomas,Rodriguez,TRodriguez9
10,Charles.Martinez@employee.com,Charles,Martinez,CMartinez10
11,Christopher.Hernandez@employee.com,Christopher,Hernandez,CHernandez11
12,Daniel.Lopez@employee.com,Daniel,Lopez,DLopez12
13,Matthew.Gonzalez@employee.com,Matthew,Gonzalez,MGonzalez13
14,Anthony.Wilson@employee.com,Anthony,Wilson,AWilson14
15,Donald.Anderson@employee.com,Donald,Anderson,DAnderson15
16,Mark.Taylor@employee.com,Mark,Taylor,MTaylor16
17,Mary.Moore@employee.com,Mary,Moore,MMoore17
18,Patricia.Jackson@employee.com,Patricia,Jackson,PJackson18
19,Jennifer.Martin@employee.com,Jennifer,Martin,JMartin19
20,Linda.Lee@employee.com,Linda,Lee,LLee20
21,Elizabeth.Perez@employee.com,Elizabeth,Perez,EPerez21
22,Barbara.Thompson@employee.com,Barbara,Thompson,BThompson22
23,Susan.White@employee.com,Susan,White,SWhite23
24,Jessica.Harris@employee.com,Jessica,Harris,JHarris24
25,Sarah.Sanchez@employee.com,Sarah,Sanchez,SSanchez25
26,Karen.Clark@employee.com,Karen,Clark,KClark26
27,Nancy.Ramirez@employee.com,Nancy,Ramirez,NRamirez27
28,Lisa.Lewis@employee.com,Lisa,Lewis,LLewis28
29,Margaret.Robinson@employee.com,Margaret,Robinson,MRobinson29
30,Betty.Walker@employee.com,Betty,Walker,BWalker30
31,Sandra.Young@employee.com,Sandra,Young,SYoung31
32,Ashley.Allen@employee.com,Ashley,Allen,AAllen32
33,James.Johnson@employee.com,James,Johnson,JJohnson33
34,John.Williams@employee.com,John,Williams,JWilliams34
35,Robert.Brown@employee.com,Robert,Brown,RBrown35
36,Michael.Jones@employee.com,Michael,Jones,MJones36
37,William.Garcia@employee.com,William,Garcia,WGarcia37
38,David.Miller@employee.com,David,Miller,DMiller38
39,Richard.Davis@employee.com,Richard,Davis,RDavis39
40,Joseph.Rodriguez@employee.com,Joseph,Rodriguez,JRodriguez40
41,Thomas.Martinez@employee.com,Thomas,Martinez,TMartinez41
42,Charles.Hernandez@employee.com,Charles,Hernandez,CHernandez42
43,Christopher.Lopez@employee.com,Christopher,Lopez,CLopez43
44,Daniel.Gonzalez@employee.com,Daniel,Gonzalez,DGonzalez44
45,Matthew.Wilson@employee.com,Matthew,Wilson,MWilson45
46,Anthony.Anderson@employee.com,Anthony,Anderson,AAnderson46
47,Donald.Taylor@employee.com,Donald,Taylor,DTaylor47
48,Mark.Moore@employee.com,Mark,Moore,MMoore48
49,Mary.Jackson@employee.com,Mary,Jackson,MJackson49
50,Patricia.Martin@employee.com,Patricia,Martin,PMartin50
51,Jennifer.Lee@employee.com,Jennifer,Lee,JLee51
52,Linda.Perez@employee.com,Linda,Perez,LPerez52
53,Elizabeth.Thompson@employee.com,Elizabeth,Thompson,EThompson53
54,Barbara.White@employee.com,Barbara,White,BWhite54
55,Susan.Harris@employee.com,Susan,Harris,SHarris55
56,Jessica.Sanchez@employee.com,Jessica,Sanchez,JSanchez56
57,Sarah.Clark@employee.com,Sarah,Clark,SClark57
58,Karen.Ramirez@employee.com,Karen,Ramirez,KRamirez58
59,Nancy.Lewis@employee.com,Nancy,Lewis,NLewis59
60,Lisa.Robinson@employee.com,Lisa,Robinson,LRobinson60
61,Margaret.Walker@employee.com,Margaret,Walker,MWalker61
62,Betty.Young@employee.com,Betty,Young,BYoung62
63,Sandra.Allen@employee.com,Sandra,Allen,SAllen63
64,Ashley.Smith@employee.com,Ashley,Smith,ASmith64
65,James.Williams@employee.com,James,Williams,JWilliams65
66,John.Brown@employee.com,John,Brown,JBrown66
67,Robert.Jones@employee.com,Robert,Jones,RJones67
68,Michael.Garcia@employee.com,Michael,Garcia,MGarcia68
69,William.Miller@employee.com,William,Miller,WMiller69
70,David.Davis@employee.com,David,Davis,DDavis70
71,Richard.Rodriguez@employee.com,Richard,Rodriguez,RRodriguez71
72,Joseph.Martinez@employee.com,Joseph,Martinez,JMartinez72
73,Thomas.Hernandez@employee.com,Thomas,Hernandez,THernandez73
74,Charles.Lopez@employee.com,Charles,Lopez,CLopez74
75,Christopher.Gonzalez@employee.com,Christopher,Gonzalez,CGonzalez75
76,Daniel.Wilson@employee.com,Daniel,Wilson,DWilson76
77,Matthew.Anderson@employee.com,Matthew,Anderson,MAnderson77
78,Anthony.Taylor@employee.com,Anthony,Taylor,ATaylor78
79,Donald.Moore@employee.com,Donald,Moore,DMoore79
80,Mark.Jackson@employee.com,Mark,Jackson,MJackson80
81,Mary.Martin@employee.com,Mary,Martin,MMartin81
82,Patricia.Lee@employee.com,Patricia,Lee,PLee82
83,Jennifer.Perez@employee.com,Jennifer,Perez,JPerez83
84,Linda.Thompson@employee.com,Linda,Thompson,LThompson84
85,Elizabeth.White@employee.com,Elizabeth,White,EWhite85
86,Barbara.Harris@employee.com,Barbara,Harris,BHarris86
87,Susan.Sanchez@employee.com,Susan,Sanchez,SSanchez87
88,Jessica.Clark@employee.com,Jessica,Clark,JClark88
89,Sarah.Ramirez@employee.com,Sarah,Ramirez,SRamirez89
90,Karen.Lewis@employee.com,Karen,Lewis,KLewis90
91,Nancy.Robinson@employee.com,Nancy,Robinson,NRobinson91
92,Lisa.Walker@employee.com,Lisa,Walker,LWalker92
93,Margaret.Young@employee.com,Margaret,Young,MYoung93
94,Betty.Allen@employee.com,Betty,Allen,BAllen94
95,Sandra.Smith@employee.com,Sandra,Smith,SSmith95
96,Ashley.Johnson@employee.com,Ashley,Johnson,AJohnson96
97,James.Brown@employee.com,James,Brown,JBrown97
98,John.Jones@employee.com,John,Jones,JJones98
99,Robert.Garcia@employee.com,Robert,Garcia,RGarcia99
100,Michael.Miller@employee.com,Michael,Miller,MMiller100
101,William.Davis@employee.com,William,Davis,WDavis101
102,David.Rodriguez@employee.com,David,Rodriguez,DRodriguez102
103,Richard.Martinez@employee.com,Richard,Martinez,RMartinez103
104,Joseph.Hernandez@employee.com,Joseph,Hernandez,JHernandez104
105,Thomas.Lopez@employee.com,Thomas,Lopez,TLopez105
106,Charles.Gonzalez@employee.com,Charles,Gonzalez,CGonzalez106
107,Christopher.Wilson@employee.com,Christopher,Wilson,CWilson107
108,Daniel.Anderson@employee.com,Daniel,Anderson,DAnderson108
109,Matthew.Taylor@employee.com,Matthew,Taylor,MTaylor109
110,Anthony.Moore@employee.com,Anthony,Moore,AMoore110
111,Donald.Jackson@employee.com,Donald,Jackson,DJackson111
112,Mark.Martin@employee.com,Mark,Martin,MMartin112
113,Mary.Lee@employee.com,Mary,Lee,MLee113
114,Patricia.Perez@employee.com,Patricia,Perez,PPerez114
115,Jennifer.Thompson@employee.com,Jennifer,Thompson,JThompson115
116,Linda.White@employee.com,Linda,White,LWhite116
117,Elizabeth.Harris@employee.com,Elizabeth,Harris,EHarris117
118,Barbara.Sanchez@employee.com,Barbara,Sanchez,BSanchez118
119,Susan.Clark@employee.com,Susan,Clark,SClark119
120,Jessica.Ramirez@employee.com,Jessica,Ramirez,JRamirez120
121,Sarah.Lewis@employee.com,Sarah,Lewis,SLewis121
122,Karen.Robinson@employee.com,Karen,Robinson,KRobinson122
123,Nancy.Walker@employee.com,Nancy,Walker,NWalker123
124,Lisa.Young@employee.com,Lisa,Young,LYoung124
125,Margaret.Allen@employee.com,Margaret,Allen,MAllen125
126,Betty.Smith@employee.com,Betty,Smith,BSmith126
127,Sandra.Johnson@employee.com,Sandra,Johnson,SJohnson127
128,Ashley.Williams@employee.com,Ashley,Williams,AWilliams128
129,James.Jones@employee.com,James,Jones,JJones129
130,John.Garcia@employee.com,John,Garcia,JGarcia130
131,Robert.Miller@employee.com,Robert,Miller,RMiller131
132,Michael.Davis@employee.com,Michael,Davis,MDavis132
133,William.Rodriguez@employee.com,William,Rodriguez,WRodriguez133
134,David.Martinez@employee.com,David,Martinez,DMartinez134
135,Richard.Hernandez@employee.com,Richard,Hernandez,RHernandez135
136,Joseph.Lopez@employee.com,Joseph,Lopez,JLopez136
137,Thomas.Gonzalez@employee.com,Thomas,Gonzalez,TGonzalez137
138,Charles.Wilson@employee.com,Charles,Wilson,CWilson138
139,Christopher.Anderson@employee.com,Christopher,Anderson,CAnderson139
140,Daniel.Taylor@employee.com,Daniel,Taylor,DTaylor140
141,Matthew.Moore@employee.com,Matthew,Moore,MMoore141
142,Anthony.Jackson@employee.com,Anthony,Jackson,AJackson142
143,Donald.Martin@employee.com,Donald,Martin,DMartin143
144,Mark.Lee@employee.com,Mark,Lee,MLee144
145,Mary.Perez@employee.com,Mary,Perez,MPerez145
146,Patricia.Thompson@employee.com,Patricia,Thompson,PThompson146
147,Jennifer.White@employee.com,Jennifer,White,JWhite147
148,Linda.Harris@employee.com,Linda,Harris,LHarris148
149,Elizabeth.Sanchez@employee.com,Elizabeth,Sanchez,ESanchez149
150,Barbara.Clark@employee.com,Barbara,Clark,BClark150
151,Susan.Ramirez@employee.com,Susan,Ramirez,SRamirez151
152,Jessica.Lewis@employee.com,Jessica,Lewis,JLewis152
153,Sarah.Robinson@employee.com,Sarah,Robinson,SRobinson153
154,Karen.Walker@employee.com,Karen,Walker,KWalker154
155,Nancy.Young@employee.com,Nancy,Young,NYoung155
156,Lisa.Allen@employee.com,Lisa,Allen,LAllen156
157,Margaret.Smith@employee.com,Margaret,Smith,MSmith157
158,Betty.Johnson@employee.com,Betty,Johnson,BJohnson158
159,Sandra.Williams@employee.com,Sandra,Williams,SWilliams159
160,Ashley.Brown@employee.com,Ashley,Brown,ABrown160
161,James.Garcia@employee.com,James,Garcia,JGarcia161
162,John.Miller@employee.com,John,Miller,JMiller162
163,Robert.Davis@employee.com,Robert,Davis,RDavis163
164,Michael.Rodriguez@employee.com,Michael,Rodriguez,MRodriguez164
165,William.Martinez@employee.com,William,Martinez,WMartinez165
166,David.Hernandez@employee.com,David,Hernandez,DHernandez166
167,Richard.Lopez@employee.com,Richard,Lopez,RLopez167
168,Joseph.Gonzalez@employee.com,Joseph,Gonzalez,JGonzalez168
169,Thomas.Wilson@employee.com,Thomas,Wilson,TWilson169
170,Charles.Anderson@employee.com,Charles,Anderson,CAnderson170
171,Christopher.Taylor@employee.com,Christopher,Taylor,CTaylor171
172,Daniel.Moore@employee.com,Daniel,Moore,DMoore172
173,Matthew.Jackson@employee.com,Matthew,Jackson,MJackson173
174,Anthony.Martin@employee.com,Anthony,Martin,AMartin174
175,Donald.Lee@employee.com,Donald,Lee,DLee175
176,Mark.Perez@employee.com,Mark,Perez,MPerez176
177,Mary.Thompson@employee.com,Mary,Thompson,MThompson177
178,Patricia.White@employee.com,Patricia,White,PWhite178
179,Jennifer.Harris@employee.com,Jennifer,Harris,JHarris179
180,Linda.Sanchez@employee.com,Linda,Sanchez,LSanchez180
181,Elizabeth.Clark@employee.com,Elizabeth,Clark,EClark181
182,Barbara.Ramirez@employee.com,Barbara,Ramirez,BRamirez182
183,Susan.Lewis@employee.com,Susan,Lewis,SLewis183
184,Jessica.Robinson@employee.com,Jessica,Robinson,JRobinson184
185,Sarah.Walker@employee.com,Sarah,Walker,SWalker185
186,Karen.Young@employee.com,Karen,Young,KYoung186
187,Nancy.Allen@employee.com,Nancy,Allen,NAllen187
188,Lisa.Smith@employee.com,Lisa,Smith,LSmith188
189,Margaret.Johnson@employee.com,Margaret,Johnson,MJohnson189
190,Betty.Williams@employee.com,Betty,Williams,BWilliams190
191,Sandra.Brown@employee.com,Sandra,Brown,SBrown191
192,Ashley.Jones@employee.com,Ashley,Jones,AJones192
193,James.Miller@employee.com,James,Miller,JMiller193
194,John.Davis@employee.com,John,Davis,JDavis194
195,Robert.Rodriguez@employee.com,Robert,Rodriguez,RRodriguez195
196,Michael.Martinez@employee.com,Michael,Martinez,MMartinez196
197,William.Hernandez@employee.com,William,Hernandez,WHernandez197
198,David.Lopez@employee.com,David,Lopez,DLopez198
199,Richard.Gonzalez@employee.com,Richard,Gonzalez,RGonzalez199
200,Joseph.Wilson@employee.com,Joseph,Wilson,JWilson200
201,Thomas.Anderson@employee.com,Thomas,Anderson,TAnderson201
202,Charles.Taylor@employee.com,Charles,Taylor,CTaylor202
203,Christopher.Moore@employee.com,Christopher,Moore,CMoore203
204,Daniel.Jackson@employee.com,Daniel,Jackson,DJackson204
205,Matthew.Martin@employee.com,Matthew,Martin,MMartin205
206,Anthony.Lee@employee.com,Anthony,Lee,ALee206
207,Donald.Perez@employee.com,Donald,Perez,DPerez207
208,Mark.Thompson@employee.com,Mark,Thompson,MThompson208
209,Mary.White@employee.com,Mary,White,MWhite209
210,Patricia.Harris@employee.com,Patricia,Harris,PHarris210
211,Jennifer.Sanchez@employee.com,Jennifer,Sanchez,JSanchez211
212,Linda.Clark@employee.com,Linda,Clark,LClark212
213,Elizabeth.Ramirez@employee.com,Elizabeth,Ramirez,ERamirez213
214,Barbara.Lewis@employee.com,Barbara,Lewis,BLewis214
215,Susan.Robinson@employee.com,Susan,Robinson,SRobinson215
216,Jessica.Walker@employee.com,Jessica,Walker,JWalker216
217,Sarah.Young@employee.com,Sarah,Young,SYoung217
218,Karen.Allen@employee.com,Karen,Allen,KAllen218
219,Nancy.Smith@employee.com,Nancy,Smith,NSmith219
220,Lisa.Johnson@employee.com,Lisa,Johnson,LJohnson220
221,Margaret.Williams@employee.com,Margaret,Williams,MWilliams221
222,Betty.Brown@employee.com,Betty,Brown,BBrown222
223,Sandra.Jones@employee.com,Sandra,Jones,SJones223
224,Ashley.Garcia@employee.com,Ashley,Garcia,AGarcia224
225,James.Davis@employee.com,James,Davis,JDavis225
226,John.Rodriguez@employee.com,John,Rodriguez,JRodriguez226
227,Robert.Martinez@employee.com,Robert,Martinez,RMartinez227
228,Michael.Hernandez@employee.com,Michael,Hernandez,MHernandez228
229,William.Lopez@employee.com,William,Lopez,WLopez229
230,David.Gonzalez@employee.com,David,Gonzalez,DGonzalez230
231,Richard.Wilson@employee.com,Richard,Wilson,RWilson231
232,Joseph.Anderson@employee.com,Joseph,Anderson,JAnderson232
233,Thomas.Taylor@employee.com,Thomas,Taylor,TTaylor233
234,Charles.Moore@employee.com,Charles,Moore,CMoore234
235,Christopher.Jackson@employee.com,Christopher,Jackson,CJackson235
236,Daniel.Martin@employee.com,Daniel,Martin,DMartin236
237,Matthew.Lee@employee.com,Matthew,Lee,MLee237
238,Anthony.Perez@employee.com,Anthony,Perez,APerez238
239,Donald.Thompson@employee.com,Donald,Thompson,DThompson239
240,Mark.White@employee.com,Mark,White,MWhite240
241,Mary.Harris@employee.com,Mary,Harris,MHarris241
242,Patricia.Sanchez@employee.com,Patricia,Sanchez,PSanchez242
243,Jennifer.Clark@employee.com,Jennifer,Clark,JClark243
244,Linda.Ramirez@employee.com,Linda,Ramirez,LRamirez244
245,Elizabeth.Lewis@employee.com,Elizabeth,Lewis,ELewis245
246,Barbara.Robinson@employee.com,Barbara,Robinson,BRobinson246
247,Susan.Walker@employee.com,Susan,Walker,SWalker247
248,Jessica.Young@employee.com,Jessica,Young,JYoung248
249,Sarah.Allen@employee.com,Sarah,Allen,SAllen249
250,Karen.Smith@employee.com,Karen,Smith,KSmith250
251,Nancy.Johnson@employee.com,Nancy,Johnson,NJohnson251
252,Lisa.Williams@employee.com,Lisa,Williams,LWilliams252
253,Margaret.Brown@employee.com,Margaret,Brown,MBrown253
254,Betty.Jones@employee.com,Betty,Jones,BJones254
255,Sandra.Garcia@employee.com,Sandra,Garcia,SGarcia255
256,Ashley.Miller@employee.com,Ashley,Miller,AMiller256
257,James.Rodriguez@employee.com,James,Rodriguez,JRodriguez257
258,John.Martinez@employee.com,John,Martinez,JMartinez258
259,Robert.Hernandez@employee.com,Robert,Hernandez,RHernandez259
260,Michael.Lopez@employee.com,Michael,Lopez,MLopez260
261,William.Gonzalez@employee.com,William,Gonzalez,WGonzalez261
262,David.Wilson@employee.com,David,Wilson,DWilson262
263,Richard.Anderson@employee.com,Richard,Anderson,RAnderson263
264,Joseph.Taylor@employee.com,Joseph,Taylor,JTaylor264
265,Thomas.Moore@employee.com,Thomas,Moore,TMoore265
266,Charles.Jackson@employee.com,Charles,Jackson,CJackson266
267,Christopher.Martin@employee.com,Christopher,Martin,CMartin267
268,Daniel.Lee@employee.com,Daniel,Lee,DLee268
269,Matthew.Perez@employee.com,Matthew,Perez,MPerez269
270,Anthony.Thompson@employee.com,Anthony,Thompson,AThompson270
271,Donald.White@employee.com,Donald,White,DWhite271
272,Mark.Harris@employee.com,Mark,Harris,MHarris272
273,Mary.Sanchez@employee.com,Mary,Sanchez,MSanchez273
274,Patricia.Clark@employee.com,Patricia,Clark,PClark274
275,Jennifer.Ramirez@employee.com,Jennifer,Ramirez,JRamirez275
276,Linda.Lewis@employee.com,Linda,Lewis,LLewis276
277,Elizabeth.Robinson@employee.com,Elizabeth,Robinson,ERobinson277
278,Barbara.Walker@employee.com,Barbara,Walker,BWalker278
279,Susan.Young@employee.com,Susan,Young,SYoung279
280,Jessica.Allen@employee.com,Jessica,Allen,JAllen280
281,Sarah.Smith@employee.com,Sarah,Smith,SSmith281
282,Karen.Johnson@employee.com,Karen,Johnson,KJohnson282
283,Nancy.Williams@employee.com,Nancy,Williams,NWilliams283
284,Lisa.Brown@employee.com,Lisa,Brown,LBrown284
285,Margaret.Jones@employee.com,Margaret,Jones,MJones285
286,Betty.Garcia@employee.com,Betty,Garcia,BGarcia286
287,Sandra.Miller@employee.com,Sandra,Miller,SMiller287
288,Ashley.Davis@employee.com,Ashley,Davis,ADavis288
289,James.Martinez@employee.com,James,Martinez,JMartinez289
290,John.Hernandez@employee.com,John,Hernandez,JHernandez290
291,Robert.Lopez@employee.com,Robert,Lopez,RLopez291
292,Michael.Gonzalez@employee.com,Michael,Gonzalez,MGonzalez292
293,William.Wilson@employee.com,William,Wilson,WWilson293
294,David.Anderson@employee.com,David,Anderson,DAnderson294
295,Richard.Taylor@employee.com,Richard,Taylor,RTaylor295
296,Joseph.Moore@employee.com,Joseph,Moore,JMoore296
297,Thomas.Jackson@employee.com,Thomas,Jackson,TJackson297
298,Charles.Martin@employee.com,Charles,Martin,CMartin298
299,Christopher.Lee@employee.com,Christopher,Lee,CLee299
300,Daniel.Perez@employee.com,Daniel,Perez,DPerez300
301,Matthew.Thompson@employee.com,Matthew,Thompson,MThompson301
302,Anthony.White@employee.com,Anthony,White,AWhite302
303,Donald.Harris@employee.com,Donald,Harris,DHarris303
304,Mark.Sanchez@employee.com,Mark,Sanchez,MSanchez304
305,Mary.Clark@employee.com,Mary,Clark,MClark305
306,Patricia.Ramirez@employee.com,Patricia,Ramirez,PRamirez306
307,Jennifer.Lewis@employee.com,Jennifer,Lewis,JLewis307
308,Linda.Robinson@employee.com,Linda,Robinson,LRobinson308
309,Elizabeth.Walker@employee.com,Elizabeth,Walker,EWalker309
310,Barbara.Young@employee.com,Barbara,Young,BYoung310
311,Susan.Allen@employee.com,Susan,Allen,SAllen311
312,Jessica.Smith@employee.com,Jessica,Smith,JSmith312
313,Sarah.Johnson@employee.com,Sarah,Johnson,SJohnson313
314,Karen.Williams@employee.com,Karen,Williams,KWilliams314
315,Nancy.Brown@employee.com,Nancy,Brown,NBrown315
316,Lisa.Jones@employee.com,Lisa,Jones,LJones316
317,Margaret.Garcia@employee.com,Margaret,Garcia,MGarcia317
318,Betty.Miller@employee.com,Betty,Miller,BMiller318
319,Sandra.Davis@employee.com,Sandra,Davis,SDavis319
320,Ashley.Rodriguez@employee.com,Ashley,Rodriguez,ARodriguez320
321,James.Hernandez@employee.com,James,Hernandez,JHernandez321
322,John.Lopez@employee.com,John,Lopez,JLopez322
323,Robert.Gonzalez@employee.com,Robert,Gonzalez,RGonzalez323
324,Michael.Wilson@employee.com,Michael,Wilson,MWilson324
325,William.Anderson@employee.com,William,Anderson,WAnderson325
326,David.Taylor@employee.com,David,Taylor,DTaylor326
327,Richard.Moore@employee.com,Richard,Moore,RMoore327
328,Joseph.Jackson@employee.com,Joseph,Jackson,JJackson328
329,Thomas.Martin@employee.com,Thomas,Martin,TMartin329
330,Charles.Lee@employee.com,Charles,Lee,CLee330
331,Christopher.Perez@employee.com,Christopher,Perez,CPerez331
332,Daniel.Thompson@employee.com,Daniel,Thompson,DThompson332
333,Matthew.White@employee.com,Matthew,White,MWhite333
334,Anthony.Harris@employee.com,Anthony,Harris,AHarris334
335,Donald.Sanchez@employee.com,Donald,Sanchez,DSanchez335
336,Mark.Clark@employee.com,Mark,Clark,MClark336
337,Mary.Ramirez@employee.com,Mary,Ramirez,MRamirez337
338,Patricia.Lewis@employee.com,Patricia,Lewis,PLewis338
339,Jennifer.Robinson@employee.com,Jennifer,Robinson,JRobinson339
340,Linda.Walker@employee.com,Linda,Walker,LWalker340
341,Elizabeth.Young@employee.com,Elizabeth,Young,EYoung341
342,Barbara.Allen@employee.com,Barbara,Allen,BAllen342
343,Susan.Smith@employee.com,Susan,Smith,SSmith343
344,Jessica.Johnson@employee.com,Jessica,Johnson,JJohnson344
345,Sarah.Williams@employee.com,Sarah,Williams,SWilliams345
346,Karen.Brown@employee.com,Karen,Brown,KBrown346
347,Nancy.Jones@employee.com,Nancy,Jones,NJones347
348,Lisa.Garcia@employee.com,Lisa,Garcia,LGarcia348
349,Margaret.Miller@employee.com,Margaret,Miller,MMiller349
350,Betty.Davis@employee.com,Betty,Davis,BDavis350
351,Sandra.Rodriguez@employee.com,Sandra,Rodriguez,SRodriguez351
352,Ashley.Martinez@employee.com,Ashley,Martinez,AMartinez352
353,James.Lopez@employee.com,James,Lopez,JLopez353
354,John.Gonzalez@employee.com,John,Gonzalez,JGonzalez354
355,Robert.Wilson@employee.com,Robert,Wilson,RWilson355
356,Michael.Anderson@employee.com,Michael,Anderson,MAnderson356
357,William.Taylor@employee.com,William,Taylor,WTaylor357
358,David.Moore@employee.com,David,Moore,DMoore358
359,Richard.Jackson@employee.com,Richard,Jackson,RJackson359
360,Joseph.Martin@employee.com,Joseph,Martin,JMartin360
361,Thomas.Lee@employee.com,Thomas,Lee,TLee361
362,Charles.Perez@employee.com,Charles,Perez,CPerez362
363,Christopher.Thompson@employee.com,Christopher,Thompson,CThompson363
364,Daniel.White@employee.com,Daniel,White,DWhite364
365,Matthew.Harris@employee.com,Matthew,Harris,MHarris365
366,Anthony.Sanchez@employee.com,Anthony,Sanchez,ASanchez366
367,Donald.Clark@employee.com,Donald,Clark,DClark367
368,Mark.Ramirez@employee.com,Mark,Ramirez,MRamirez368
369,Mary.Lewis@employee.com,Mary,Lewis,MLewis369
370,Patricia.Robinson@employee.com,Patricia,Robinson,PRobinson370
371,Jennifer.Walker@employee.com,Jennifer,Walker,JWalker371
372,Linda.Young@employee.com,Linda,Young,LYoung372
373,Elizabeth.Allen@employee.com,Elizabeth,Allen,EAllen373
374,Barbara.Smith@employee.com,Barbara,Smith,BSmith374
375,Susan.Johnson@employee.com,Susan,Johnson,SJohnson375
376,Jessica.Williams@employee.com,Jessica,Williams,JWilliams376
377,Sarah.Brown@employee.com,Sarah,Brown,SBrown377
378,Karen.Jones@employee.com,Karen,Jones,KJones378
379,Nancy.Garcia@employee.com,Nancy,Garcia,NGarcia379
380,Lisa.Miller@employee.com,Lisa,Miller,LMiller380
381,Margaret.Davis@employee.com,Margaret,Davis,MDavis381
382,Betty.Rodriguez@employee.com,Betty,Rodriguez,BRodriguez382
383,Sandra.Martinez@employee.com,Sandra,Martinez,SMartinez383
384,Ashley.Hernandez@employee.com,Ashley,Hernandez,AHernandez384
385,James.Gonzalez@employee.com,James,Gonzalez,JGonzalez385
386,John.Wilson@employee.com,John,Wilson,JWilson386
387,Robert.Anderson@employee.com,Robert,Anderson,RAnderson387
388,Michael.Taylor@employee.com,Michael,Taylor,MTaylor388
389,William.Moore@employee.com,William,Moore,WMoore389
390,David.Jackson@employee.com,David,Jackson,DJackson390
391,Richard.Martin@employee.com,Richard,Martin,RMartin391
392,Joseph.Lee@employee.com,Joseph,Lee,JLee392
393,Thomas.Perez@employee.com,Thomas,Perez,TPerez393
394,Charles.Thompson@employee.com,Charles,Thompson,CThompson394
395,Christopher.White@employee.com,Christopher,White,CWhite395
396,Daniel.Harris@employee.com,Daniel,Harris,DHarris396
397,Matthew.Sanchez@employee.com,Matthew,Sanchez,MSanchez397
398,Anthony.Clark@employee.com,Anthony,Clark,AClark398
399,Donald.Ramirez@employee.com,Donald,Ramirez,DRamirez399
400,Mark.Lewis@employee.com,Mark,Lewis,MLewis400
401,Mary.Robinson@employee.com,Mary,Robinson,MRobinson401
402,Patricia.Walker@employee.com,Patricia,Walker,PWalker402
403,Jennifer.Young@employee.com,Jennifer,Young,JYoung403
404,Linda.Allen@employee.com,Linda,Allen,LAllen404
405,Elizabeth.Smith@employee.com,Elizabeth,Smith,ESmith405
406,Barbara.Johnson@employee.com,Barbara,Johnson,BJohnson406
407,Susan.Williams@employee.com,Susan,Williams,SWilliams407
408,Jessica.Brown@employee.com,Jessica,Brown,JBrown408
409,Sarah.Jones@employee.com,Sarah,Jones,SJones409
410,Karen.Garcia@employee.com,Karen,Garcia,KGarcia410
411,Nancy.Miller@employee.com,Nancy,Miller,NMiller411
412,Lisa.Davis@employee.com,Lisa,Davis,LDavis412
413,Margaret.Rodriguez@employee.com,Margaret,Rodriguez,MRodriguez413
414,Betty.Martinez@employee.com,Betty,Martinez,BMartinez414
415,Sandra.Hernandez@employee.com,Sandra,Hernandez,SHernandez415
416,Ashley.Lopez@employee.com,Ashley,Lopez,ALopez416
417,James.Wilson@employee.com,James,Wilson,JWilson417
418,John.Anderson@employee.com,John,Anderson,JAnderson418
419,Robert.Taylor@employee.com,Robert,Taylor,RTaylor419
420,Michael.Moore@employee.com,Michael,Moore,MMoore420
421,William.Jackson@employee.com,William,Jackson,WJackson421
422,David.Martin@employee.com,David,Martin,DMartin422
423,Richard.Lee@employee.com,Richard,Lee,RLee423
424,Joseph.Perez@employee.com,Joseph,Perez,JPerez424
425,Thomas.Thompson@employee.com,Thomas,Thompson,TThompson425
426,Charles.White@employee.com,Charles,White,CWhite426
427,Christopher.Harris@employee.com,Christopher,Harris,CHarris427
428,Daniel.Sanchez@employee.com,Daniel,Sanchez,DSanchez428
429,Matthew.Clark@employee.com,Matthew,Clark,MClark429
430,Anthony.Ramirez@employee.com,Anthony,Ramirez,ARamirez430
431,Donald.Lewis@employee.com,Donald,Lewis,DLewis431
432,Mark.Robinson@employee.com,Mark,Robinson,MRobinson432
433,Mary.Walker@employee.com,Mary,Walker,MWalker433
434,Patricia.Young@employee.com,Patricia,Young,PYoung434
435,Jennifer.Allen@employee.com,Jennifer,Allen,JAllen435
436,Linda.Smith@employee.com,Linda,Smith,LSmith436
437,Elizabeth.Johnson@employee.com,Elizabeth,Johnson,EJohnson437
438,Barbara.Williams@employee.com,Barbara,Williams,BWilliams438
439,Susan.Brown@employee.com,Susan,Brown,SBrown439
440,Jessica.Jones@employee.com,Jessica,Jones,JJones440
441,Sarah.Garcia@employee.com,Sarah,Garcia,SGarcia441
442,Karen.Miller@employee.com,Karen,Miller,KMiller442
443,Nancy.Davis@employee.com,Nancy,Davis,NDavis443
444,Lisa.Rodriguez@employee.com,Lisa,Rodriguez,LRodriguez444
445,Margaret.Martinez@employee.com,Margaret,Martinez,MMartinez445
446,Betty.Hernandez@employee.com,Betty,Hernandez,BHernandez446
447,Sandra.Lopez@employee.com,Sandra,Lopez,SLopez447
448,Ashley.Gonzalez@employee.com,Ashley,Gonzalez,AGonzalez448
449,James.Anderson@employee.com,James,Anderson,JAnderson449
450,John.Taylor@employee.com,John,Taylor,JTaylor450
451,Robert.Moore@employee.com,Robert,Moore,RMoore451
452,Michael.Jackson@employee.com,Michael,Jackson,MJackson452
453,William.Martin@employee.com,William,Martin,WMartin453
454,David.Lee@employee.com,David,Lee,DLee454
455,Richard.Perez@employee.com,Richard,Perez,RPerez455
456,Joseph.Thompson@employee.com,Joseph,Thompson,JThompson456
457,Thomas.White@employee.com,Thomas,White,TWhite457
458,Charles.Harris@employee.com,Charles,Harris,CHarris458
459,Christopher.Sanchez@employee.com,Christopher,Sanchez,CSanchez459
460,Daniel.Clark@employee.com,Daniel,Clark,DClark460
461,Matthew.Ramirez@employee.com,Matthew,Ramirez,MRamirez461
462,Anthony.Lewis@employee.com,Anthony,Lewis,ALewis462
463,Donald.Robinson@employee.com,Donald,Robinson,DRobinson463
464,Mark.Walker@employee.com,Mark,Walker,MWalker464
465,Mary.Young@employee.com,Mary,Young,MYoung465
466,Patricia.Allen@employee.com,Patricia,Allen,PAllen466
467,Jennifer.Smith@employee.com,Jennifer,Smith,JSmith467
468,Linda.Johnson@employee.com,Linda,Johnson,LJohnson468
469,Elizabeth.Williams@employee.com,Elizabeth,Williams,EWilliams469
470,Barbara.Brown@employee.com,Barbara,Brown,BBrown470
471,Susan.Jones@employee.com,Susan,Jones,SJones471
472,Jessica.Garcia@employee.com,Jessica,Garcia,JGarcia472
473,Sarah.Miller@employee.com,Sarah,Miller,SMiller473
474,Karen.Davis@employee.com,Karen,Davis,KDavis474
475,Nancy.Rodriguez@employee.com,Nancy,Rodriguez,NRodriguez475
476,Lisa.Martinez@employee.com,Lisa,Martinez,LMartinez476
477,Margaret.Hernandez@employee.com,Margaret,Hernandez,MHernandez477
478,Betty.Lopez@employee.com,Betty,Lopez,BLopez478
479,Sandra.Gonzalez@employee.com,Sandra,Gonzalez,SGonzalez479
480,Ashley.Wilson@employee.com,Ashley,Wilson,AWilson480
481,James.Taylor@employee.com,James,Taylor,JTaylor481
482,John.Moore@employee.com,John,Moore,JMoore482
483,Robert.Jackson@employee.com,Robert,Jackson,RJackson483
484,Michael.Martin@employee.com,Michael,Martin,MMartin484
485,William.Lee@employee.com,William,Lee,WLee485
486,David.Perez@employee.com,David,Perez,DPerez486
487,Richard.Thompson@employee.com,Richard,Thompson,RThompson487
488,Joseph.White@employee.com,Joseph,White,JWhite488
489,Thomas.Harris@employee.com,Thomas,Harris,THarris489
490,Charles.Sanchez@employee.com,Charles,Sanchez,CSanchez490
491,Christopher.Clark@employee.com,Christopher,Clark,CClark491
492,Daniel.Ramirez@employee.com,Daniel,Ramirez,DRamirez492
493,Matthew.Lewis@employee.com,Matthew,Lewis,MLewis493
494,Anthony.Robinson@employee.com,Anthony,Robinson,ARobinson494
495,Donald.Walker@employee.com,Donald,Walker,DWalker495
496,Mark.Young@employee.com,Mark,Young,MYoung496
497,Mary.Allen@employee.com,Mary,Allen,MAllen497
498,Patricia.Smith@employee.com,Patricia,Smith,PSmith498
499,Jennifer.Johnson@employee.com,Jennifer,Johnson,JJohnson499
500,Linda.Williams@employee.com,Linda,Williams,LWilliams500
501,Elizabeth.Brown@employee.com,Elizabeth,Brown,EBrown501
502,Barbara.Jones@employee.com,Barbara,Jones,BJones502
503,Susan.Garcia@employee.com,Susan,Garcia,SGarcia503
504,Jessica.Miller@employee.com,Jessica,Miller,JMiller504
505,Sarah.Davis@employee.com,Sarah,Davis,SDavis505
506,Karen.Rodriguez@employee.com,Karen,Rodriguez,KRodriguez506
507,Nancy.Martinez@employee.com,Nancy,Martinez,NMartinez507
508,Lisa.Hernandez@employee.com,Lisa,Hernandez,LHernandez508
509,Margaret.Lopez@employee.com,Margaret,Lopez,MLopez509
510,Betty.Gonzalez@employee.com,Betty,Gonzalez,BGonzalez510
511,Sandra.Wilson@employee.com,Sandra,Wilson,SWilson511
512,Ashley.Anderson@employee.com,Ashley,Anderson,AAnderson512
513,James.Moore@employee.com,James,Moore,JMoore513
514,John.Jackson@employee.com,John,Jackson,JJackson514
515,Robert.Martin@employee.com,Robert,Martin,RMartin515
516,Michael.Lee@employee.com,Michael,Lee,MLee516
517,William.Perez@employee.com,William,Perez,WPerez517
518,David.Thompson@employee.com,David,Thompson,DThompson518
519,Richard.White@employee.com,Richard,White,RWhite519
520,Joseph.Harris@employee.com,Joseph,Harris,JHarris520
521,Thomas.Sanchez@employee.com,Thomas,Sanchez,TSanchez521
522,Charles.Clark@employee.com,Charles,Clark,CClark522
523,Christopher.Ramirez@employee.com,Christopher,Ramirez,CRamirez523
524,Daniel.Lewis@employee.com,Daniel,Lewis,DLewis524
525,Matthew.Robinson@employee.com,Matthew,Robinson,MRobinson525
526,Anthony.Walker@employee.com,Anthony,Walker,AWalker526
527,Donald.Young@employee.com,Donald,Young,DYoung527
528,Mark.Allen@employee.com,Mark,Allen,MAllen528
529,Mary.Smith@employee.com,Mary,Smith,MSmith529
530,Patricia.Johnson@employee.com,Patricia,Johnson,PJohnson530
531,Jennifer.Williams@employee.com,Jennifer,Williams,JWilliams531
532,Linda.Brown@employee.com,Linda,Brown,LBrown532
533,Elizabeth.Jones@employee.com,Elizabeth,Jones,EJones533
534,Barbara.Garcia@employee.com,Barbara,Garcia,BGarcia534
535,Susan.Miller@employee.com,Susan,Miller,SMiller535
536,Jessica.Davis@employee.com,Jessica,Davis,JDavis536
537,Sarah.Rodriguez@employee.com,Sarah,Rodriguez,SRodriguez537
538,Karen.Martinez@employee.com,Karen,Martinez,KMartinez538
539,Nancy.Hernandez@employee.com,Nancy,Hernandez,NHernandez539
540,Lisa.Lopez@employee.com,Lisa,Lopez,LLopez540
541,Margaret.Gonzalez@employee.com,Margaret,Gonzalez,MGonzalez541
542,Betty.Wilson@employee.com,Betty,Wilson,BWilson542
543,Sandra.Anderson@employee.com,Sandra,Anderson,SAnderson543
544,Ashley.Taylor@employee.com,Ashley,Taylor,ATaylor544
545,James.Jackson@employee.com,James,Jackson,JJackson545
546,John.Martin@employee.com,John,Martin,JMartin546
547,Robert.Lee@employee.com,Robert,Lee,RLee547
548,Michael.Perez@employee.com,Michael,Perez,MPerez548
549,William.Thompson@employee.com,William,Thompson,WThompson549
550,David.White@employee.com,David,White,DWhite550
551,Richard.Harris@employee.com,Richard,Harris,RHarris551
552,Joseph.Sanchez@employee.com,Joseph,Sanchez,JSanchez552
553,Thomas.Clark@employee.com,Thomas,Clark,TClark553
554,Charles.Ramirez@employee.com,Charles,Ramirez,CRamirez554
555,Christopher.Lewis@employee.com,Christopher,Lewis,CLewis555
556,Daniel.Robinson@employee.com,Daniel,Robinson,DRobinson556
557,Matthew.Walker@employee.com,Matthew,Walker,MWalker557
558,Anthony.Young@employee.com,Anthony,Young,AYoung558
559,Donald.Allen@employee.com,Donald,Allen,DAllen559
560,Mark.Smith@employee.com,Mark,Smith,MSmith560
561,Mary.Johnson@employee.com,Mary,Johnson,MJohnson561
562,Patricia.Williams@employee.com,Patricia,Williams,PWilliams562
563,Jennifer.Brown@employee.com,Jennifer,Brown,JBrown563
564,Linda.Jones@employee.com,Linda,Jones,LJones564
565,Elizabeth.Garcia@employee.com,Elizabeth,Garcia,EGarcia565
566,Barbara.Miller@employee.com,Barbara,Miller,BMiller566
567,Susan.Davis@employee.com,Susan,Davis,SDavis567
568,Jessica.Rodriguez@employee.com,Jessica,Rodriguez,JRodriguez568
569,Sarah.Martinez@employee.com,Sarah,Martinez,SMartinez569
570,Karen.Hernandez@employee.com,Karen,Hernandez,KHernandez570
571,Nancy.Lopez@employee.com,Nancy,Lopez,NLopez571
572,Lisa.Gonzalez@employee.com,Lisa,Gonzalez,LGonzalez572
573,Margaret.Wilson@employee.com,Margaret,Wilson,MWilson573
574,Betty.Anderson@employee.com,Betty,Anderson,BAnderson574
575,Sandra.Taylor@employee.com,Sandra,Taylor,STaylor575
576,Ashley.Moore@employee.com,Ashley,Moore,AMoore576
577,James.Martin@employee.com,James,Martin,JMartin577
578,John.Lee@employee.com,John,Lee,JLee578
579,Robert.Perez@employee.com,Robert,Perez,RPerez579
580,Michael.Thompson@employee.com,Michael,Thompson,MThompson580
581,William.White@employee.com,William,White,WWhite581
582,David.Harris@employee.com,David,Harris,DHarris582
583,Richard.Sanchez@employee.com,Richard,Sanchez,RSanchez583
584,Joseph.Clark@employee.com,Joseph,Clark,JClark584
585,Thomas.Ramirez@employee.com,Thomas,Ramirez,TRamirez585
586,Charles.Lewis@employee.com,Charles,Lewis,CLewis586
587,Christopher.Robinson@employee.com,Christopher,Robinson,CRobinson587
588,Daniel.Walker@employee.com,Daniel,Walker,DWalker588
589,Matthew.Young@employee.com,Matthew,Young,MYoung589
590,Anthony.Allen@employee.com,Anthony,Allen,AAllen590
591,Donald.Smith@employee.com,Donald,Smith,DSmith591
592,Mark.Johnson@employee.com,Mark,Johnson,MJohnson592
593,Mary.Williams@employee.com,Mary,Williams,MWilliams593
594,Patricia.Brown@employee.com,Patricia,Brown,PBrown594
595,Jennifer.Jones@employee.com,Jennifer,Jones,JJones595
596,Linda.Garcia@employee.com,Linda,Garcia,LGarcia596
597,Elizabeth.Miller@employee.com,Elizabeth,Miller,EMiller597
598,Barbara.Davis@employee.com,Barbara,Davis,BDavis598
599,Susan.Rodriguez@employee.com,Susan,Rodriguez,SRodriguez599
600,Jessica.Martinez@employee.com,Jessica,Martinez,JMartinez600
601,Sarah.Hernandez@employee.com,Sarah,Hernandez,SHernandez601
602,Karen.Lopez@employee.com,Karen,Lopez,KLopez602
603,Nancy.Gonzalez@employee.com,Nancy,Gonzalez,NGonzalez603
604,Lisa.Wilson@employee.com,Lisa,Wilson,LWilson604
605,Margaret.Anderson@employee.com,Margaret,Anderson,MAnderson605
606,Betty.Taylor@employee.com,Betty,Taylor,BTaylor606
607,Sandra.Moore@employee.com,Sandra,Moore,SMoore607
608,Ashley.Jackson@employee.com,Ashley,Jackson,AJackson608
609,James.Lee@employee.com,James,Lee,JLee609
610,John.Perez@employee.com,John,Perez,JPerez610
611,Robert.Thompson@employee.com,Robert,Thompson,RThompson611
612,Michael.White@employee.com,Michael,White,MWhite612
613,William.Harris@employee.com,William,Harris,WHarris613
614,David.Sanchez@employee.com,David,Sanchez,DSanchez614
615,Richard.Clark@employee.com,Richard,Clark,RClark615
616,Joseph.Ramirez@employee.com,Joseph,Ramirez,JRamirez616
617,Thomas.Lewis@employee.com,Thomas,Lewis,TLewis617
618,Charles.Robinson@employee.com,Charles,Robinson,CRobinson618
619,Christopher.Walker@employee.com,Christopher,Walker,CWalker619
620,Daniel.Young@employee.com,Daniel,Young,DYoung620
621,Matthew.Allen@employee.com,Matthew,Allen,MAllen621
622,Anthony.Smith@employee.com,Anthony,Smith,ASmith622
623,Donald.Johnson@employee.com,Donald,Johnson,DJohnson623
624,Mark.Williams@employee.com,Mark,Williams,MWilliams624
625,Mary.Brown@employee.com,Mary,Brown,MBrown625
626,Patricia.Jones@employee.com,Patricia,Jones,PJones626
627,Jennifer.Garcia@employee.com,Jennifer,Garcia,JGarcia627
628,Linda.Miller@employee.com,Linda,Miller,LMiller628
629,Elizabeth.Davis@employee.com,Elizabeth,Davis,EDavis629
630,Barbara.Rodriguez@employee.com,Barbara,Rodriguez,BRodriguez630
631,Susan.Martinez@employee.com,Susan,Martinez,SMartinez631
632,Jessica.Hernandez@employee.com,Jessica,Hernandez,JHernandez632
633,Sarah.Lopez@employee.com,Sarah,Lopez,SLopez633
634,Karen.Gonzalez@employee.com,Karen,Gonzalez,KGonzalez634
635,Nancy.Wilson@employee.com,Nancy,Wilson,NWilson635
636,Lisa.Anderson@employee.com,Lisa,Anderson,LAnderson636
637,Margaret.Taylor@employee.com,Margaret,Taylor,MTaylor637
638,Betty.Moore@employee.com,Betty,Moore,BMoore638
639,Sandra.Jackson@employee.com,Sandra,Jackson,SJackson639
640,Ashley.Martin@employee.com,Ashley,Martin,AMartin640
641,James.Perez@employee.com,James,Perez,JPerez641
642,John.Thompson@employee.com,John,Thompson,JThompson642
643,Robert.White@employee.com,Robert,White,RWhite643
644,Michael.Harris@employee.com,Michael,Harris,MHarris644
645,William.Sanchez@employee.com,William,Sanchez,WSanchez645
646,David.Clark@employee.com,David,Clark,DClark646
647,Richard.Ramirez@employee.com,Richard,Ramirez,RRamirez647
648,Joseph.Lewis@employee.com,Joseph,Lewis,JLewis648
649,Thomas.Robinson@employee.com,Thomas,Robinson,TRobinson649
650,Charles.Walker@employee.com,Charles,Walker,CWalker650
651,Christopher.Young@employee.com,Christopher,Young,CYoung651
652,Daniel.Allen@employee.com,Daniel,Allen,DAllen652
653,Matthew.Smith@employee.com,Matthew,Smith,MSmith653
654,Anthony.Johnson@employee.com,Anthony,Johnson,AJohnson654
655,Donald.Williams@employee.com,Donald,Williams,DWilliams655
656,Mark.Brown@employee.com,Mark,Brown,MBrown656
657,Mary.Jones@employee.com,Mary,Jones,MJones657
658,Patricia.Garcia@employee.com,Patricia,Garcia,PGarcia658
659,Jennifer.Miller@employee.com,Jennifer,Miller,JMiller659
660,Linda.Davis@employee.com,Linda,Davis,LDavis660
661,Elizabeth.Rodriguez@employee.com,Elizabeth,Rodriguez,ERodriguez661
662,Barbara.Martinez@employee.com,Barbara,Martinez,BMartinez662
663,Susan.Hernandez@employee.com,Susan,Hernandez,SHernandez663
664,Jessica.Lopez@employee.com,Jessica,Lopez,JLopez664
665,Sarah.Gonzalez@employee.com,Sarah,Gonzalez,SGonzalez665
666,Karen.Wilson@employee.com,Karen,Wilson,KWilson666
667,Nancy.Anderson@employee.com,Nancy,Anderson,NAnderson667
668,Lisa.Taylor@employee.com,Lisa,Taylor,LTaylor668
669,Margaret.Moore@employee.com,Margaret,Moore,MMoore669
670,Betty.Jackson@employee.com,Betty,Jackson,BJackson670
671,Sandra.Martin@employee.com,Sandra,Martin,SMartin671
672,Ashley.Lee@employee.com,Ashley,Lee,ALee672
673,James.Thompson@employee.com,James,Thompson,JThompson673
674,John.White@employee.com,John,White,JWhite674
675,Robert.Harris@employee.com,Robert,Harris,RHarris675
676,Michael.Sanchez@employee.com,Michael,Sanchez,MSanchez676
677,William.Clark@employee.com,William,Clark,WClark677
678,David.Ramirez@employee.com,David,Ramirez,DRamirez678
679,Richard.Lewis@employee.com,Richard,Lewis,RLewis679
680,Joseph.Robinson@employee.com,Joseph,Robinson,JRobinson680
681,Thomas.Walker@employee.com,Thomas,Walker,TWalker681
682,Charles.Young@employee.com,Charles,Young,CYoung682
683,Christopher.Allen@employee.com,Christopher,Allen,CAllen683
684,Daniel.Smith@employee.com,Daniel,Smith,DSmith684
685,Matthew.Johnson@employee.com,Matthew,Johnson,MJohnson685
686,Anthony.Williams@employee.com,Anthony,Williams,AWilliams686
687,Donald.Brown@employee.com,Donald,Brown,DBrown687
688,Mark.Jones@employee.com,Mark,Jones,MJones688
689,Mary.Garcia@employee.com,Mary,Garcia,MGarcia689
690,Patricia.Miller@employee.com,Patricia,Miller,PMiller690
691,Jennifer.Davis@employee.com,Jennifer,Davis,JDavis691
692,Linda.Rodriguez@employee.com,Linda,Rodriguez,LRodriguez692
693,Elizabeth.Martinez@employee.com,Elizabeth,Martinez,EMartinez693
694,Barbara.Hernandez@employee.com,Barbara,Hernandez,BHernandez694
695,Susan.Lopez@employee.com,Susan,Lopez,SLopez695
696,Jessica.Gonzalez@employee.com,Jessica,Gonzalez,JGonzalez696
697,Sarah.Wilson@employee.com,Sarah,Wilson,SWilson697
698,Karen.Anderson@employee.com,Karen,Anderson,KAnderson698
699,Nancy.Taylor@employee.com,Nancy,Taylor,NTaylor699
700,Lisa.Moore@employee.com,Lisa,Moore,LMoore700
701,Margaret.Jackson@employee.com,Margaret,Jackson,MJackson701
702,Betty.Martin@employee.com,Betty,Martin,BMartin702
703,Sandra.Lee@employee.com,Sandra,Lee,SLee703
704,Ashley.Perez@employee.com,Ashley,Perez,APerez704
705,James.White@employee.com,James,White,JWhite705
706,John.Harris@employee.com,John,Harris,JHarris706
707,Robert.Sanchez@employee.com,Robert,Sanchez,RSanchez707
708,Michael.Clark@employee.com,Michael,Clark,MClark708
709,William.Ramirez@employee.com,William,Ramirez,WRamirez709
710,David.Lewis@employee.com,David,Lewis,DLewis710
711,Richard.Robinson@employee.com,Richard,Robinson,RRobinson711
712,Joseph.Walker@employee.com,Joseph,Walker,JWalker712
713,Thomas.Young@employee.com,Thomas,Young,TYoung713
714,Charles.Allen@employee.com,Charles,Allen,CAllen714
715,Christopher.Smith@employee.com,Christopher,Smith,CSmith715
716,Daniel.Johnson@employee.com,Daniel,Johnson,DJohnson716
717,Matthew.Williams@employee.com,Matthew,Williams,MWilliams717
718,Anthony.Brown@employee.com,Anthony,Brown,ABrown718
719,Donald.Jones@employee.com,Donald,Jones,DJones719
720,Mark.Garcia@employee.com,Mark,Garcia,MGarcia720
721,Mary.Miller@employee.com,Mary,Miller,MMiller721
722,Patricia.Davis@employee.com,Patricia,Davis,PDavis722
723,Jennifer.Rodriguez@employee.com,Jennifer,Rodriguez,JRodriguez723
724,Linda.Martinez@employee.com,Linda,Martinez,LMartinez724
725,Elizabeth.Hernandez@employee.com,Elizabeth,Hernandez,EHernandez725
726,Barbara.Lopez@employee.com,Barbara,Lopez,BLopez726
727,Susan.Gonzalez@employee.com,Susan,Gonzalez,SGonzalez727
728,Jessica.Wilson@employee.com,Jessica,Wilson,JWilson728
729,Sarah.Anderson@employee.com,Sarah,Anderson,SAnderson729
730,Karen.Taylor@employee.com,Karen,Taylor,KTaylor730
731,Nancy.Moore@employee.com,Nancy,Moore,NMoore731
732,Lisa.Jackson@employee.com,Lisa,Jackson,LJackson732
733,Margaret.Martin@employee.com,Margaret,Martin,MMartin733
734,Betty.Lee@employee.com,Betty,Lee,BLee734
735,Sandra.Perez@employee.com,Sandra,Perez,SPerez735
736,Ashley.Thompson@employee.com,Ashley,Thompson,AThompson736
737,James.Harris@employee.com,James,Harris,JHarris737
738,John.Sanchez@employee.com,John,Sanchez,JSanchez738
739,Robert.Clark@employee.com,Robert,Clark,RClark739
740,Michael.Ramirez@employee.com,Michael,Ramirez,MRamirez740
741,William.Lewis@employee.com,William,Lewis,WLewis741
742,David.Robinson@employee.com,David,Robinson,DRobinson742
743,Richard.Walker@employee.com,Richard,Walker,RWalker743
744,Joseph.Young@employee.com,Joseph,Young,JYoung744
745,Thomas.Allen@employee.com,Thomas,Allen,TAllen745
746,Charles.Smith@employee.com,Charles,Smith,CSmith746
747,Christopher.Johnson@employee.com,Christopher,Johnson,CJohnson747
748,Daniel.Williams@employee.com,Daniel,Williams,DWilliams748
749,Matthew.Brown@employee.com,Matthew,Brown,MBrown749
750,Anthony.Jones@employee.com,Anthony,Jones,AJones750
751,Donald.Garcia@employee.com,Donald,Garcia,DGarcia751
752,Mark.Miller@employee.com,Mark,Miller,MMiller752
753,Mary.Davis@employee.com,Mary,Davis,MDavis753
754,Patricia.Rodriguez@employee.com,Patricia,Rodriguez,PRodriguez754
755,Jennifer.Martinez@employee.com,Jennifer,Martinez,JMartinez755
756,Linda.Hernandez@employee.com,Linda,Hernandez,LHernandez756
757,Elizabeth.Lopez@employee.com,Elizabeth,Lopez,ELopez757
758,Barbara.Gonzalez@employee.com,Barbara,Gonzalez,BGonzalez758
759,Susan.Wilson@employee.com,Susan,Wilson,SWilson759
760,Jessica.Anderson@employee.com,Jessica,Anderson,JAnderson760
761,Sarah.Taylor@employee.com,Sarah,Taylor,STaylor761
762,Karen.Moore@employee.com,Karen,Moore,KMoore762
763,Nancy.Jackson@employee.com,Nancy,Jackson,NJackson763
764,Lisa.Martin@employee.com,Lisa,Martin,LMartin764
765,Margaret.Lee@employee.com,Margaret,Lee,MLee765
766,Betty.Perez@employee.com,Betty,Perez,BPerez766
767,Sandra.Thompson@employee.com,Sandra,Thompson,SThompson767
768,Ashley.White@employee.com,Ashley,White,AWhite768
769,James.Sanchez@employee.com,James,Sanchez,JSanchez769
770,John.Clark@employee.com,John,Clark,JClark770
771,Robert.Ramirez@employee.com,Robert,Ramirez,RRamirez771
772,Michael.Lewis@employee.com,Michael,Lewis,MLewis772
773,William.Robinson@employee.com,William,Robinson,WRobinson773
774,David.Walker@employee.com,David,Walker,DWalker774
775,Richard.Young@employee.com,Richard,Young,RYoung775
776,Joseph.Allen@employee.com,Joseph,Allen,JAllen776
777,Thomas.Smith@employee.com,Thomas,Smith,TSmith777
778,Charles.Johnson@employee.com,Charles,Johnson,CJohnson778
779,Christopher.Williams@employee.com,Christopher,Williams,CWilliams779
780,Daniel.Brown@employee.com,Daniel,Brown,DBrown780
781,Matthew.Jones@employee.com,Matthew,Jones,MJones781
782,Anthony.Garcia@employee.com,Anthony,Garcia,AGarcia782
783,Donald.Miller@employee.com,Donald,Miller,DMiller783
784,Mark.Davis@employee.com,Mark,Davis,MDavis784
785,Mary.Rodriguez@employee.com,Mary,Rodriguez,MRodriguez785
786,Patricia.Martinez@employee.com,Patricia,Martinez,PMartinez786
787,Jennifer.Hernandez@employee.com,Jennifer,Hernandez,JHernandez787
788,Linda.Lopez@employee.com,Linda,Lopez,LLopez788
789,Elizabeth.Gonzalez@employee.com,Elizabeth,Gonzalez,EGonzalez789
790,Barbara.Wilson@employee.com,Barbara,Wilson,BWilson790
791,Susan.Anderson@employee.com,Susan,Anderson,SAnderson791
792,Jessica.Taylor@employee.com,Jessica,Taylor,JTaylor792
793,Sarah.Moore@employee.com,Sarah,Moore,SMoore793
794,Karen.Jackson@employee.com,Karen,Jackson,KJackson794
795,Nancy.Martin@employee.com,Nancy,Martin,NMartin795
796,Lisa.Lee@employee.com,Lisa,Lee,LLee796
797,Margaret.Perez@employee.com,Margaret,Perez,MPerez797
798,Betty.Thompson@employee.com,Betty,Thompson,BThompson798
799,Sandra.White@employee.com,Sandra,White,SWhite799
800,Ashley.Harris@employee.com,Ashley,Harris,AHarris800
801,James.Clark@employee.com,James,Clark,JClark801
802,John.Ramirez@employee.com,John,Ramirez,JRamirez802
803,Robert.Lewis@employee.com,Robert,Lewis,RLewis803
804,Michael.Robinson@employee.com,Michael,Robinson,MRobinson804
805,William.Walker@employee.com,William,Walker,WWalker805
806,David.Young@employee.com,David,Young,DYoung806
807,Richard.Allen@employee.com,Richard,Allen,RAllen807
808,Joseph.Smith@employee.com,Joseph,Smith,JSmith808
809,Thomas.Johnson@employee.com,Thomas,Johnson,TJohnson809
810,Charles.Williams@employee.com,Charles,Williams,CWilliams810
811,Christopher.Brown@employee.com,Christopher,Brown,CBrown811
812,Daniel.Jones@employee.com,Daniel,Jones,DJones812
813,Matthew.Garcia@employee.com,Matthew,Garcia,MGarcia813
814,Anthony.Miller@employee.com,Anthony,Miller,AMiller814
815,Donald.Davis@employee.com,Donald,Davis,DDavis815
816,Mark.Rodriguez@employee.com,Mark,Rodriguez,MRodriguez816
817,Mary.Martinez@employee.com,Mary,Martinez,MMartinez817
818,Patricia.Hernandez@employee.com,Patricia,Hernandez,PHernandez818
819,Jennifer.Lopez@employee.com,Jennifer,Lopez,JLopez819
820,Linda.Gonzalez@employee.com,Linda,Gonzalez,LGonzalez820
821,Elizabeth.Wilson@employee.com,Elizabeth,Wilson,EWilson821
822,Barbara.Anderson@employee.com,Barbara,Anderson,BAnderson822
823,Susan.Taylor@employee.com,Susan,Taylor,STaylor823
824,Jessica.Moore@employee.com,Jessica,Moore,JMoore824
825,Sarah.Jackson@employee.com,Sarah,Jackson,SJackson825
826,Karen.Martin@employee.com,Karen,Martin,KMartin826
827,Nancy.Lee@employee.com,Nancy,Lee,NLee827
828,Lisa.Perez@employee.com,Lisa,Perez,LPerez828
829,Margaret.Thompson@employee.com,Margaret,Thompson,MThompson829
830,Betty.White@employee.com,Betty,White,BWhite830
831,Sandra.Harris@employee.com,Sandra,Harris,SHarris831
832,Ashley.Sanchez@employee.com,Ashley,Sanchez,ASanchez832
833,James.Ramirez@employee.com,James,Ramirez,JRamirez833
834,John.Lewis@employee.com,John,Lewis,JLewis834
835,Robert.Robinson@employee.com,Robert,Robinson,RRobinson835
836,Michael.Walker@employee.com,Michael,Walker,MWalker836
837,William.Young@employee.com,William,Young,WYoung837
838,David.Allen@employee.com,David,Allen,DAllen838
839,Richard.Smith@employee.com,Richard,Smith,RSmith839
840,Joseph.Johnson@employee.com,Joseph,Johnson,JJohnson840
841,Thomas.Williams@employee.com,Thomas,Williams,TWilliams841
842,Charles.Brown@employee.com,Charles,Brown,CBrown842
843,Christopher.Jones@employee.com,Christopher,Jones,CJones843
844,Daniel.Garcia@employee.com,Daniel,Garcia,DGarcia844
845,Matthew.Miller@employee.com,Matthew,Miller,MMiller845
846,Anthony.Davis@employee.com,Anthony,Davis,ADavis846
847,Donald.Rodriguez@employee.com,Donald,Rodriguez,DRodriguez847
848,Mark.Martinez@employee.com,Mark,Martinez,MMartinez848
849,Mary.Hernandez@employee.com,Mary,Hernandez,MHernandez849
850,Patricia.Lopez@employee.com,Patricia,Lopez,PLopez850
851,Jennifer.Gonzalez@employee.com,Jennifer,Gonzalez,JGonzalez851
852,Linda.Wilson@employee.com,Linda,Wilson,LWilson852
853,Elizabeth.Anderson@employee.com,Elizabeth,Anderson,EAnderson853
854,Barbara.Taylor@employee.com,Barbara,Taylor,BTaylor854
855,Susan.Moore@employee.com,Susan,Moore,SMoore855
856,Jessica.Jackson@employee.com,Jessica,Jackson,JJackson856
857,Sarah.Martin@employee.com,Sarah,Martin,SMartin857
858,Karen.Lee@employee.com,Karen,Lee,KLee858
859,Nancy.Perez@employee.com,Nancy,Perez,NPerez859
860,Lisa.Thompson@employee.com,Lisa,Thompson,LThompson860
861,Margaret.White@employee.com,Margaret,White,MWhite861
862,Betty.Harris@employee.com,Betty,Harris,BHarris862
863,Sandra.Sanchez@employee.com,Sandra,Sanchez,SSanchez863
864,Ashley.Clark@employee.com,Ashley,Clark,AClark864
865,James.Lewis@employee.com,James,Lewis,JLewis865
866,John.Robinson@employee.com,John,Robinson,JRobinson866
867,Robert.Walker@employee.com,Robert,Walker,RWalker867
868,Michael.Young@employee.com,Michael,Young,MYoung868
869,William.Allen@employee.com,William,Allen,WAllen869
870,David.Smith@employee.com,David,Smith,DSmith870
871,Richard.Johnson@employee.com,Richard,Johnson,RJohnson871
872,Joseph.Williams@employee.com,Joseph,Williams,JWilliams872
873,Thomas.Brown@employee.com,Thomas,Brown,TBrown873
874,Charles.Jones@employee.com,Charles,Jones,CJones874
875,Christopher.Garcia@employee.com,Christopher,Garcia,CGarcia875
876,Daniel.Miller@employee.com,Daniel,Miller,DMiller876
877,Matthew.Davis@employee.com,Matthew,Davis,MDavis877
878,Anthony.Rodriguez@employee.com,Anthony,Rodriguez,ARodriguez878
879,Donald.Martinez@employee.com,Donald,Martinez,DMartinez879
880,Mark.Hernandez@employee.com,Mark,Hernandez,MHernandez880
881,Mary.Lopez@employee.com,Mary,Lopez,MLopez881
882,Patricia.Gonzalez@employee.com,Patricia,Gonzalez,PGonzalez882
883,Jennifer.Wilson@employee.com,Jennifer,Wilson,JWilson883
884,Linda.Anderson@employee.com,Linda,Anderson,LAnderson884
885,Elizabeth.Taylor@employee.com,Elizabeth,Taylor,ETaylor885
886,Barbara.Moore@employee.com,Barbara,Moore,BMoore886
887,Susan.Jackson@employee.com,Susan,Jackson,SJackson887
888,Jessica.Martin@employee.com,Jessica,Martin,JMartin888
889,Sarah.Lee@employee.com,Sarah,Lee,SLee889
890,Karen.Perez@employee.com,Karen,Perez,KPerez890
891,Nancy.Thompson@employee.com,Nancy,Thompson,NThompson891
892,Lisa.White@employee.com,Lisa,White,LWhite892
893,Margaret.Harris@employee.com,Margaret,Harris,MHarris893
894,Betty.Sanchez@employee.com,Betty,Sanchez,BSanchez894
895,Sandra.Clark@employee.com,Sandra,Clark,SClark895
896,Ashley.Ramirez@employee.com,Ashley,Ramirez,ARamirez896
897,James.Robinson@employee.com,James,Robinson,JRobinson897
898,John.Walker@employee.com,John,Walker,JWalker898
899,Robert.Young@employee.com,Robert,Young,RYoung899
900,Michael.Allen@employee.com,Michael,Allen,MAllen900
901,William.Smith@employee.com,William,Smith,WSmith901
902,David.Johnson@employee.com,David,Johnson,DJohnson902
903,Richard.Williams@employee.com,Richard,Williams,RWilliams903
904,Joseph.Brown@employee.com,Joseph,Brown,JBrown904
905,Thomas.Jones@employee.com,Thomas,Jones,TJones905
906,Charles.Garcia@employee.com,Charles,Garcia,CGarcia906
907,Christopher.Miller@employee.com,Christopher,Miller,CMiller907
908,Daniel.Davis@employee.com,Daniel,Davis,DDavis908
909,Matthew.Rodriguez@employee.com,Matthew,Rodriguez,MRodriguez909
910,Anthony.Martinez@employee.com,Anthony,Martinez,AMartinez910
911,Donald.Hernandez@employee.com,Donald,Hernandez,DHernandez911
912,Mark.Lopez@employee.com,Mark,Lopez,MLopez912
913,Mary.Gonzalez@employee.com,Mary,Gonzalez,MGonzalez913
914,Patricia.Wilson@employee.com,Patricia,Wilson,PWilson914
915,Jennifer.Anderson@employee.com,Jennifer,Anderson,JAnderson915
916,Linda.Taylor@employee.com,Linda,Taylor,LTaylor916
917,Elizabeth.Moore@employee.com,Elizabeth,Moore,EMoore917
918,Barbara.Jackson@employee.com,Barbara,Jackson,BJackson918
919,Susan.Martin@employee.com,Susan,Martin,SMartin919
920,Jessica.Lee@employee.com,Jessica,Lee,JLee920
921,Sarah.Perez@employee.com,Sarah,Perez,SPerez921
922,Karen.Thompson@employee.com,Karen,Thompson,KThompson922
923,Nancy.White@employee.com,Nancy,White,NWhite923
924,Lisa.Harris@employee.com,Lisa,Harris,LHarris924
925,Margaret.Sanchez@employee.com,Margaret,Sanchez,MSanchez925
926,Betty.Clark@employee.com,Betty,Clark,BClark926
927,Sandra.Ramirez@employee.com,Sandra,Ramirez,SRamirez927
928,Ashley.Lewis@employee.com,Ashley,Lewis,ALewis928
929,James.Walker@employee.com,James,Walker,JWalker929
930,John.Young@employee.com,John,Young,JYoung930
931,Robert.Allen@employee.com,Robert,Allen,RAllen931
932,Michael.Smith@employee.com,Michael,Smith,MSmith932
933,William.Johnson@employee.com,William,Johnson,WJohnson933
934,David.Williams@employee.com,David,Williams,DWilliams934
935,Richard.Brown@employee.com,Richard,Brown,RBrown935
936,Joseph.Jones@employee.com,Joseph,Jones,JJones936
937,Thomas.Garcia@employee.com,Thomas,Garcia,TGarcia937
938,Charles.Miller@employee.com,Charles,Miller,CMiller938
939,Christopher.Davis@employee.com,Christopher,Davis,CDavis939
940,Daniel.Rodriguez@employee.com,Daniel,Rodriguez,DRodriguez940
941,Matthew.Martinez@employee.com,Matthew,Martinez,MMartinez941
942,Anthony.Hernandez@employee.com,Anthony,Hernandez,AHernandez942
943,Donald.Lopez@employee.com,Donald,Lopez,DLopez943
944,Mark.Gonzalez@employee.com,Mark,Gonzalez,MGonzalez944
945,Mary.Wilson@employee.com,Mary,Wilson,MWilson945
946,Patricia.Anderson@employee.com,Patricia,Anderson,PAnderson946
947,Jennifer.Taylor@employee.com,Jennifer,Taylor,JTaylor947
948,Linda.Moore@employee.com,Linda,Moore,LMoore948
949,Elizabeth.Jackson@employee.com,Elizabeth,Jackson,EJackson949
950,Barbara.Martin@employee.com,Barbara,Martin,BMartin950
951,Susan.Lee@employee.com,Susan,Lee,SLee951
952,Jessica.Perez@employee.com,Jessica,Perez,JPerez952
953,Sarah.Thompson@employee.com,Sarah,Thompson,SThompson953
954,Karen.White@employee.com,Karen,White,KWhite954
955,Nancy.Harris@employee.com,Nancy,Harris,NHarris955
956,Lisa.Sanchez@employee.com,Lisa,Sanchez,LSanchez956
957,Margaret.Clark@employee.com,Margaret,Clark,MClark957
958,Betty.Ramirez@employee.com,Betty,Ramirez,BRamirez958
959,Sandra.Lewis@employee.com,Sandra,Lewis,SLewis959
960,Ashley.Robinson@employee.com,Ashley,Robinson,ARobinson960
961,James.Young@employee.com,James,Young,JYoung961
962,John.Allen@employee.com,John,Allen,JAllen962
963,Robert.Smith@employee.com,Robert,Smith,RSmith963
964,Michael.Johnson@employee.com,Michael,Johnson,MJohnson964
965,William.Williams@employee.com,William,Williams,WWilliams965
966,David.Brown@employee.com,David,Brown,DBrown966
967,Richard.Jones@employee.com,Richard,Jones,RJones967
968,Joseph.Garcia@employee.com,Joseph,Garcia,JGarcia968
969,Thomas.Miller@employee.com,Thomas,Miller,TMiller969
970,Charles.Davis@employee.com,Charles,Davis,CDavis970
971,Christopher.Rodriguez@employee.com,Christopher,Rodriguez,CRodriguez971
972,Daniel.Martinez@employee.com,Daniel,Martinez,DMartinez972
973,Matthew.Hernandez@employee.com,Matthew,Hernandez,MHernandez973
974,Anthony.Lopez@employee.com,Anthony,Lopez,ALopez974
975,Donald.Gonzalez@employee.com,Donald,Gonzalez,DGonzalez975
976,Mark.Wilson@employee.com,Mark,Wilson,MWilson976
977,Mary.Anderson@employee.com,Mary,Anderson,MAnderson977
978,Patricia.Taylor@employee.com,Patricia,Taylor,PTaylor978
979,Jennifer.Moore@employee.com,Jennifer,Moore,JMoore979
980,Linda.Jackson@employee.com,Linda,Jackson,LJackson980
981,Elizabeth.Martin@employee.com,Elizabeth,Martin,EMartin981
982,Barbara.Lee@employee.com,Barbara,Lee,BLee982
983,Susan.Perez@employee.com,Susan,Perez,SPerez983
984,Jessica.Thompson@employee.com,Jessica,Thompson,JThompson984
985,Sarah.White@employee.com,Sarah,White,SWhite985
986,Karen.Harris@employee.com,Karen,Harris,KHarris986
987,Nancy.Sanchez@employee.com,Nancy,Sanchez,NSanchez987
988,Lisa.Clark@employee.com,Lisa,Clark,LClark988
989,Margaret.Ramirez@employee.com,Margaret,Ramirez,MRamirez989
990,Betty.Lewis@employee.com,Betty,Lewis,BLewis990
991,Sandra.Robinson@employee.com,Sandra,Robinson,SRobinson991
992,Ashley.Walker@employee.com,Ashley,Walker,AWalker992
993,James.Allen@employee.com,James,Allen,JAllen993
994,John.Smith@employee.com,John,Smith,JSmith994
995,Robert.Johnson@employee.com,Robert,Johnson,RJohnson995
996,Michael.Williams@employee.com,Michael,Williams,MWilliams996
997,William.Brown@employee.com,William,Brown,WBrown997
998,David.Jones@employee.com,David,Jones,DJones998
999,Richard.Garcia@employee.com,Richard,Garcia,RGarcia999
1000,Joseph.Miller@employee.com,Joseph,Miller,JMiller1000
1001,Thomas.Davis@employee.com,Thomas,Davis,TDavis1001
1002,Charles.Rodriguez@employee.com,Charles,Rodriguez,CRodriguez1002
1003,Christopher.Martinez@employee.com,Christopher,Martinez,CMartinez1003
1004,Daniel.Hernandez@employee.com,Daniel,Hernandez,DHernandez1004
1005,Matthew.Lopez@employee.com,Matthew,Lopez,MLopez1005
1006,Anthony.Gonzalez@employee.com,Anthony,Gonzalez,AGonzalez1006
1007,Donald.Wilson@employee.com,Donald,Wilson,DWilson1007
1008,Mark.Anderson@employee.com,Mark,Anderson,MAnderson1008
1009,Mary.Taylor@employee.com,Mary,Taylor,MTaylor1009
1010,Patricia.Moore@employee.com,Patricia,Moore,PMoore1010
1011,Jennifer.Jackson@employee.com,Jennifer,Jackson,JJackson1011
1012,Linda.Martin@employee.com,Linda,Martin,LMartin1012
1013,Elizabeth.Lee@employee.com,Elizabeth,Lee,ELee1013
1014,Barbara.Perez@employee.com,Barbara,Perez,BPerez1014
1015,Susan.Thompson@employee.com,Susan,Thompson,SThompson1015
1016,Jessica.White@employee.com,Jessica,White,JWhite1016
1017,Sarah.Harris@employee.com,Sarah,Harris,SHarris1017
1018,Karen.Sanchez@employee.com,Karen,Sanchez,KSanchez1018
1019,Nancy.Clark@employee.com,Nancy,Clark,NClark1019
1020,Lisa.Ramirez@employee.com,Lisa,Ramirez,LRamirez1020
1021,Margaret.Lewis@employee.com,Margaret,Lewis,MLewis1021
1022,Betty.Robinson@employee.com,Betty,Robinson,BRobinson1022
1023,Sandra.Walker@employee.com,Sandra,Walker,SWalker1023
1024,Ashley.Young@employee.com,Ashley,Young,AYoung1024
